"","pc4","n"
"1","1011",10010
"2","1012",9120
"3","1013",23020
"4","1014",4950
"5","1015",14965
"6","1016",11355
"7","1017",13550
"8","1018",23430
"9","1019",20630
"10","1021",7040
"11","1022",5160
"12","1023",4610
"13","1024",14175
"14","1025",16485
"15","1026",550
"16","1027",540
"17","1028",605
"18","1031",9620
"19","1032",6425
"20","1033",14680
"21","1034",14935
"22","1035",11025
"23","1036",2755
"24","1037",145
"25","1041",NA
"26","1042",5
"27","1043",1185
"28","1044",NA
"29","1045",NA
"30","1046",125
"31","1047",30
"32","1051",13170
"33","1052",11980
"34","1053",16495
"35","1054",17300
"36","1055",20940
"37","1056",20270
"38","1057",17290
"39","1058",15750
"40","1059",7110
"41","1060",9925
"42","1061",16995
"43","1062",15585
"44","1063",12455
"45","1064",16815
"46","1065",12135
"47","1066",19130
"48","1067",20425
"49","1068",18330
"50","1069",26255
"51","1071",12735
"52","1072",13835
"53","1073",13395
"54","1074",8370
"55","1075",10470
"56","1076",11390
"57","1077",10120
"58","1078",14690
"59","1079",14700
"60","1081",5800
"61","1082",12790
"62","1083",8735
"63","1086",4920
"64","1087",21045
"65","1091",16850
"66","1092",8560
"67","1093",10130
"68","1094",12145
"69","1095",15645
"70","1096",5935
"71","1097",16360
"72","1098",15515
"73","1101",1060
"74","1102",25765
"75","1103",14305
"76","1104",15840
"77","1105",2810
"78","1106",17905
"79","1107",11570
"80","1108",3135
"81","1109",1675
"82","1111",15220
"83","1112",14305
"84","1113",3450
"85","1114",300
"86","1115",5270
"87","1117",15
"88","1118",110
"89","1119",110
"90","1121",10405
"91","1127",850
"92","1131",8920
"93","1132",13820
"94","1135",7340
"95","1141",9755
"96","1145",330
"97","1151",2770
"98","1153",305
"99","1154",125
"100","1156",1730
"101","1161",8140
"102","1165",2615
"103","1171",14625
"104","1175",915
"105","1181",21615
"106","1182",3890
"107","1183",15295
"108","1184",625
"109","1185",12760
"110","1186",14500
"111","1187",18500
"112","1188",7315
"113","1189",515
"114","1191",8880
"115","1211",10230
"116","1212",3710
"117","1213",7890
"118","1214",7640
"119","1215",10240
"120","1216",9050
"121","1217",7800
"122","1218",4165
"123","1221",9500
"124","1222",11400
"125","1223",12805
"126","1231",9350
"127","1241",6595
"128","1243",1410
"129","1244",1490
"130","1251",11080
"131","1252",355
"132","1261",11125
"133","1262",1600
"134","1271",8360
"135","1272",6270
"136","1273",8690
"137","1274",6345
"138","1275",2005
"139","1276",7510
"140","1277",2010
"141","1309",35
"142","1311",4860
"143","1312",6935
"144","1313",4210
"145","1314",6825
"146","1315",4880
"147","1316",4070
"148","1317",4070
"149","1318",9490
"150","1319",7335
"151","1321",9695
"152","1322",140
"153","1323",6260
"154","1324",10455
"155","1325",10675
"156","1326",11100
"157","1327",5
"158","1328",9910
"159","1329",NA
"160","1331",195
"161","1332",10
"162","1333",12450
"163","1334",2465
"164","1335",12470
"165","1336",9805
"166","1338",9670
"167","1339",11305
"168","1341",4070
"169","1343",1605
"170","1349",5245
"171","1351",2010
"172","1352",1695
"173","1353",4975
"174","1354",3160
"175","1355",3070
"176","1356",2750
"177","1357",3440
"178","1358",700
"179","1359",2660
"180","1361",4665
"181","1362",990
"182","1363",16150
"183","1364",NA
"184","1381",5330
"185","1382",10315
"186","1383",3565
"187","1384",4385
"188","1391",8260
"189","1393",1580
"190","1394",5570
"191","1396",1460
"192","1398",5530
"193","1399",3030
"194","1401",4760
"195","1402",9545
"196","1403",9410
"197","1404",3585
"198","1405",2845
"199","1406",3430
"200","1411",10495
"201","1412",7735
"202","1421",6085
"203","1422",15310
"204","1423",5530
"205","1424",4760
"206","1426",895
"207","1427",980
"208","1428",115
"209","1431",13480
"210","1432",10545
"211","1433",9255
"212","1435",4415
"213","1436",510
"214","1437",75
"215","1438",165
"216","1441",15140
"217","1442",7245
"218","1443",8115
"219","1444",6785
"220","1445",9605
"221","1446",5040
"222","1447",12350
"223","1448",19265
"224","1451",405
"225","1452",1815
"226","1454",550
"227","1456",1950
"228","1458",180
"229","1461",4485
"230","1462",5745
"231","1463",625
"232","1464",775
"233","1471",800
"234","1472",700
"235","1473",780
"236","1474",3630
"237","1475",525
"238","1476",115
"239","1477",170
"240","1481",110
"241","1482",140
"242","1483",4270
"243","1484",885
"244","1485",85
"245","1486",755
"246","1487",145
"247","1488",220
"248","1489",150
"249","1501",6515
"250","1502",8890
"251","1503",11390
"252","1504",8415
"253","1505",7080
"254","1506",14125
"255","1507",13400
"256","1508",5130
"257","1509",6495
"258","1511",9695
"259","1521",12300
"260","1525",570
"261","1531",13255
"262","1534",485
"263","1536",320
"264","1541",11255
"265","1544",8515
"266","1546",685
"267","1551",5090
"268","1561",8330
"269","1562",9000
"270","1566",13250
"271","1567",11620
"272","1601",7610
"273","1602",11285
"274","1606",4300
"275","1607",1645
"276","1608",1535
"277","1609",105
"278","1611",10160
"279","1613",9790
"280","1614",2265
"281","1616",8695
"282","1617",1830
"283","1619",7225
"284","1621",5825
"285","1622",7855
"286","1623",2595
"287","1624",5990
"288","1625",9940
"289","1627",15
"290","1628",20400
"291","1631",435
"292","1633",3455
"293","1634",525
"294","1636",1260
"295","1641",1060
"296","1642",45
"297","1643",475
"298","1645",2975
"299","1646",75
"300","1647",2675
"301","1648",3825
"302","1652",550
"303","1654",750
"304","1655",930
"305","1657",2050
"306","1658",170
"307","1661",425
"308","1662",300
"309","1663",115
"310","1671",8655
"311","1674",1985
"312","1676",1070
"313","1678",865
"314","1679",2545
"315","1681",280
"316","1682",230
"317","1683",205
"318","1684",590
"319","1685",480
"320","1686",130
"321","1687",6345
"322","1688",2600
"323","1689",17600
"324","1691",710
"325","1692",20
"326","1693",8170
"327","1695",5420
"328","1696",1545
"329","1697",840
"330","1701",9175
"331","1702",8505
"332","1703",12735
"333","1704",10070
"334","1705",17010
"335","1706",3715
"336","1711",1590
"337","1713",5975
"338","1715",4815
"339","1716",2135
"340","1718",3940
"341","1719",465
"342","1721",6045
"343","1722",6865
"344","1723",5985
"345","1724",3840
"346","1731",3505
"347","1732",780
"348","1733",3320
"349","1734",395
"350","1735",2275
"351","1736",395
"352","1738",2760
"353","1741",13140
"354","1742",6565
"355","1744",1845
"356","1746",1685
"357","1747",3855
"358","1749",6090
"359","1751",2115
"360","1752",735
"361","1753",665
"362","1754",885
"363","1755",1650
"364","1756",2625
"365","1757",705
"366","1759",2405
"367","1761",8735
"368","1764",3810
"369","1766",2380
"370","1767",1070
"371","1768",910
"372","1769",175
"373","1771",6080
"374","1773",575
"375","1774",2195
"376","1775",4330
"377","1777",5240
"378","1778",915
"379","1779",2430
"380","1781",9175
"381","1782",10330
"382","1783",2615
"383","1784",9295
"384","1785",9090
"385","1786",150
"386","1787",3480
"387","1788",11715
"388","1789",580
"389","1791",7205
"390","1792",1465
"391","1793",335
"392","1794",1315
"393","1795",1160
"394","1796",1360
"395","1797",970
"396","1811",5460
"397","1812",220
"398","1813",9025
"399","1814",9635
"400","1815",7200
"401","1816",8540
"402","1817",4290
"403","1821",1660
"404","1822",6455
"405","1823",7420
"406","1824",7720
"407","1825",9095
"408","1826",6495
"409","1827",10325
"410","1829",4050
"411","1831",2395
"412","1832",265
"413","1834",5860
"414","1841",2105
"415","1842",605
"416","1843",710
"417","1844",230
"418","1846",395
"419","1847",260
"420","1851",12695
"421","1852",10415
"422","1853",1200
"423","1861",6455
"424","1862",6205
"425","1865",335
"426","1871",4765
"427","1873",1460
"428","1901",14765
"429","1902",8595
"430","1906",7775
"431","1911",13400
"432","1921",5085
"433","1931",4590
"434","1934",3560
"435","1935",2570
"436","1941",3730
"437","1942",2490
"438","1943",5365
"439","1944",7205
"440","1945",7235
"441","1946",4665
"442","1947",3865
"443","1948",6165
"444","1949",2150
"445","1951",5710
"446","1961",1280
"447","1962",7800
"448","1963",5570
"449","1964",7010
"450","1965",5925
"451","1966",5085
"452","1967",5210
"453","1968",310
"454","1969",1260
"455","1971",8960
"456","1972",8230
"457","1973",5900
"458","1974",6215
"459","1975",2870
"460","1976",315
"461","1981",2135
"462","1985",3155
"463","1991",13095
"464","1992",1985
"465","2011",14600
"466","2012",13090
"467","2013",8295
"468","2014",8875
"469","2015",5700
"470","2019",150
"471","2021",9150
"472","2022",9170
"473","2023",13395
"474","2024",9275
"475","2025",9790
"476","2026",5670
"477","2031",2030
"478","2032",8215
"479","2033",13130
"480","2034",10250
"481","2035",9255
"482","2036",7625
"483","2037",9380
"484","2041",7870
"485","2042",8570
"486","2051",4570
"487","2061",6745
"488","2063",600
"489","2064",3545
"490","2065",315
"491","2071",7240
"492","2082",3360
"493","2101",7610
"494","2102",5505
"495","2103",3790
"496","2104",3730
"497","2105",3900
"498","2106",3055
"499","2111",4850
"500","2114",2195
"501","2116",1025
"502","2121",5420
"503","2131",10995
"504","2132",14035
"505","2133",7815
"506","2134",28080
"507","2135",18970
"508","2136",2185
"509","2141",4915
"510","2142",1830
"511","2143",140
"512","2144",1000
"513","2151",15840
"514","2152",12555
"515","2153",3360
"516","2154",335
"517","2155",55
"518","2156",375
"519","2157",1265
"520","2158",480
"521","2159",410
"522","2161",13150
"523","2162",7480
"524","2163",2815
"525","2165",3335
"526","2171",10450
"527","2172",5635
"528","2181",9915
"529","2182",12905
"530","2191",2395
"531","2201",13570
"532","2202",8050
"533","2203",4950
"534","2204",1035
"535","2211",14735
"536","2212",995
"537","2215",16475
"538","2216",800
"539","2221",13470
"540","2222",20
"541","2223",6245
"542","2224",9675
"543","2225",14055
"544","2231",16405
"545","2232",825
"546","2235",6270
"547","2236",NA
"548","2241",10370
"549","2242",9525
"550","2243",2945
"551","2244",2075
"552","2245",2185
"553","2251",11215
"554","2252",5360
"555","2253",8205
"556","2254",840
"557","2261",4970
"558","2262",3305
"559","2263",6035
"560","2264",8655
"561","2265",4935
"562","2266",6625
"563","2267",410
"564","2271",7260
"565","2272",8520
"566","2273",11025
"567","2274",11665
"568","2275",4820
"569","2281",4720
"570","2282",10490
"571","2283",6480
"572","2284",5165
"573","2285",8680
"574","2286",13430
"575","2287",4475
"576","2288",4365
"577","2289",1835
"578","2291",13985
"579","2292",2825
"580","2295",3920
"581","2311",11355
"582","2312",15260
"583","2313",12375
"584","2314",6200
"585","2315",8715
"586","2316",10725
"587","2317",10720
"588","2318",3245
"589","2321",12795
"590","2322",225
"591","2323",170
"592","2324",9965
"593","2331",10705
"594","2332",10545
"595","2333",4300
"596","2334",2805
"597","2341",10105
"598","2342",4570
"599","2343",11270
"600","2351",5335
"601","2352",8935
"602","2353",13465
"603","2355",1715
"604","2361",4950
"605","2362",165
"606","2371",10395
"607","2374",750
"608","2375",1645
"609","2376",715
"610","2377",3740
"611","2381",5845
"612","2382",3815
"613","2391",6330
"614","2394",5860
"615","2396",4130
"616","2401",9370
"617","2402",13500
"618","2403",10110
"619","2404",5355
"620","2405",8235
"621","2406",9710
"622","2407",885
"623","2408",17955
"624","2409",45
"625","2411",17715
"626","2412",2030
"627","2415",1940
"628","2421",9385
"629","2431",1820
"630","2432",195
"631","2435",3060
"632","2441",4390
"633","2445",1220
"634","2451",4825
"635","2461",9725
"636","2465",1270
"637","2471",1855
"638","2481",3700
"639","2491",245
"640","2492",12275
"641","2493",8085
"642","2495",170
"643","2496",11520
"644","2497",10200
"645","2498",5715
"646","2511",5580
"647","2512",14850
"648","2513",8245
"649","2514",3890
"650","2515",13180
"651","2516",10540
"652","2517",11620
"653","2518",11915
"654","2521",12730
"655","2522",12930
"656","2523",5680
"657","2524",6725
"658","2525",17340
"659","2526",12870
"660","2531",9390
"661","2532",6035
"662","2533",7410
"663","2541",8090
"664","2542",10615
"665","2543",6390
"666","2544",12770
"667","2545",13235
"668","2546",6305
"669","2547",8445
"670","2548",23860
"671","2551",11385
"672","2552",16160
"673","2553",12675
"674","2554",2565
"675","2555",9280
"676","2561",5535
"677","2562",11120
"678","2563",10450
"679","2564",11595
"680","2565",12385
"681","2566",6685
"682","2571",11190
"683","2572",9700
"684","2573",10630
"685","2574",7330
"686","2581",3165
"687","2582",9250
"688","2583",12190
"689","2584",7150
"690","2585",6935
"691","2586",8075
"692","2587",8430
"693","2591",7560
"694","2592",7095
"695","2593",8955
"696","2594",2030
"697","2595",10650
"698","2596",8035
"699","2597",9130
"700","2611",13935
"701","2612",9825
"702","2613",13680
"703","2614",12775
"704","2616",90
"705","2622",7985
"706","2623",6065
"707","2624",14760
"708","2625",14525
"709","2626",60
"710","2627",1535
"711","2628",13970
"712","2629",370
"713","2631",15295
"714","2632",3670
"715","2635",8430
"716","2636",4315
"717","2641",15030
"718","2642",8880
"719","2643",6080
"720","2645",8975
"721","2651",19035
"722","2652",14920
"723","2661",13260
"724","2662",6485
"725","2665",11895
"726","2671",13735
"727","2672",5960
"728","2673",3250
"729","2675",7825
"730","2676",4535
"731","2678",13130
"732","2681",14425
"733","2684",740
"734","2685",7870
"735","2691",14480
"736","2692",4245
"737","2693",1725
"738","2694",3285
"739","2711",4740
"740","2712",6140
"741","2713",6445
"742","2715",6015
"743","2716",10165
"744","2717",7850
"745","2718",8970
"746","2719",11875
"747","2721",11385
"748","2722",5545
"749","2723",3965
"750","2724",7165
"751","2725",5830
"752","2726",6255
"753","2727",5330
"754","2728",8465
"755","2729",12285
"756","2731",3595
"757","2735",75
"758","2741",12215
"759","2742",14860
"760","2743",6925
"761","2751",4870
"762","2752",380
"763","2761",10270
"764","2771",16815
"765","2801",8555
"766","2802",9680
"767","2803",9925
"768","2804",12095
"769","2805",11005
"770","2806",10010
"771","2807",10660
"772","2808",435
"773","2809",3385
"774","2811",11130
"775","2821",5440
"776","2825",1735
"777","2831",2615
"778","2841",9050
"779","2851",4340
"780","2855",650
"781","2861",7100
"782","2865",1695
"783","2871",12065
"784","2872",1630
"785","2901",9290
"786","2902",8510
"787","2903",8540
"788","2904",8215
"789","2905",6735
"790","2906",5570
"791","2907",14015
"792","2908",3360
"793","2909",3690
"794","2911",8205
"795","2912",6740
"796","2913",510
"797","2914",7820
"798","2921",2315
"799","2922",7125
"800","2923",6300
"801","2924",4270
"802","2925",7035
"803","2926",2585
"804","2931",6765
"805","2935",5905
"806","2941",7840
"807","2951",10535
"808","2952",1295
"809","2953",5905
"810","2954",2580
"811","2957",8640
"812","2959",2495
"813","2961",790
"814","2964",4455
"815","2965",1410
"816","2967",1815
"817","2968",150
"818","2969",2330
"819","2971",2940
"820","2973",1275
"821","2974",1375
"822","2975",995
"823","2977",955
"824","2981",3155
"825","2982",6675
"826","2983",9555
"827","2984",3725
"828","2985",4675
"829","2986",8245
"830","2987",7875
"831","2988",2995
"832","2989",820
"833","2991",13425
"834","2992",14370
"835","2993",14060
"836","2994",6840
"837","2995",3820
"838","3011",20440
"839","3012",6980
"840","3013",1095
"841","3014",7780
"842","3015",3115
"843","3016",3150
"844","3021",11820
"845","3022",10095
"846","3023",9775
"847","3024",9765
"848","3025",7410
"849","3026",7380
"850","3027",9970
"851","3028",7670
"852","3029",5770
"853","3031",8540
"854","3032",6485
"855","3033",4760
"856","3034",12080
"857","3035",6940
"858","3036",8015
"859","3037",7845
"860","3038",8130
"861","3039",10385
"862","3041",225
"863","3042",8255
"864","3043",7045
"865","3044",105
"866","3045",4835
"867","3046",335
"868","3047",70
"869","3051",8080
"870","3052",6455
"871","3053",10590
"872","3054",7790
"873","3055",8210
"874","3056",3380
"875","3059",13135
"876","3061",16045
"877","3062",8780
"878","3063",10565
"879","3064",1655
"880","3065",8270
"881","3066",10920
"882","3067",21430
"883","3068",23010
"884","3069",19015
"885","3071",20615
"886","3072",17120
"887","3073",13925
"888","3074",12310
"889","3075",14105
"890","3076",15035
"891","3077",17975
"892","3078",12835
"893","3079",16830
"894","3081",12325
"895","3082",12330
"896","3083",14310
"897","3084",2675
"898","3085",13850
"899","3086",12700
"900","3087",1800
"901","3088",20
"902","3089",1910
"903","3111",5350
"904","3112",11435
"905","3113",15
"906","3114",6325
"907","3115",15
"908","3116",3505
"909","3117",9605
"910","3118",6475
"911","3119",10280
"912","3121",3520
"913","3122",9595
"914","3123",7355
"915","3124",8080
"916","3125",295
"917","3131",15655
"918","3132",12815
"919","3133",2645
"920","3134",7565
"921","3135",12740
"922","3136",11600
"923","3137",13375
"924","3138",15
"925","3141",6185
"926","3142",5760
"927","3143",3005
"928","3144",7500
"929","3145",6830
"930","3146",4820
"931","3147",1730
"932","3151",10565
"933","3155",6630
"934","3161",9385
"935","3162",7450
"936","3165",NA
"937","3171",5920
"938","3172",1100
"939","3176",2575
"940","3181",12610
"941","3191",9950
"942","3192",13500
"943","3193",6415
"944","3194",6315
"945","3195",4970
"946","3196",NA
"947","3197",NA
"948","3198",NA
"949","3199",10
"950","3201",15855
"951","3202",7150
"952","3203",3735
"953","3204",7025
"954","3205",8485
"955","3206",10085
"956","3207",15185
"957","3208",5930
"958","3209",1885
"959","3211",1620
"960","3212",615
"961","3214",6305
"962","3216",1275
"963","3218",2485
"964","3221",5715
"965","3222",4150
"966","3223",13565
"967","3224",8415
"968","3225",8055
"969","3227",1440
"970","3231",4200
"971","3232",9915
"972","3233",7830
"973","3234",565
"974","3235",6605
"975","3237",1875
"976","3238",1915
"977","3241",7815
"978","3243",1540
"979","3244",2395
"980","3245",7475
"981","3247",6030
"982","3248",2205
"983","3249",1305
"984","3251",3660
"985","3252",2285
"986","3253",6340
"987","3255",5290
"988","3256",1100
"989","3257",2685
"990","3258",1740
"991","3261",10435
"992","3262",9815
"993","3263",4585
"994","3264",4480
"995","3265",1900
"996","3267",2035
"997","3271",4785
"998","3273",2115
"999","3274",3615
"1000","3281",9725
"1001","3284",3640
"1002","3286",4165
"1003","3291",8150
"1004","3292",485
"1005","3293",475
"1006","3295",9195
"1007","3297",7420
"1008","3299",3215
"1009","3311",17980
"1010","3312",11610
"1011","3313",5860
"1012","3314",16045
"1013","3315",18335
"1014","3316",790
"1015","3317",15115
"1016","3318",5975
"1017","3319",10515
"1018","3328",17605
"1019","3329",2235
"1020","3331",11370
"1021","3332",10035
"1022","3333",7100
"1023","3334",6230
"1024","3335",6245
"1025","3336",65
"1026","3341",9670
"1027","3342",6315
"1028","3343",6640
"1029","3344",10065
"1030","3351",9185
"1031","3352",3365
"1032","3353",5925
"1033","3354",2395
"1034","3355",5730
"1035","3356",5580
"1036","3361",6650
"1037","3362",11245
"1038","3363",7955
"1039","3364",405
"1040","3366",735
"1041","3371",12920
"1042","3372",4765
"1043","3373",1075
"1044","3381",4930
"1045","3401",12205
"1046","3402",9490
"1047","3403",1930
"1048","3404",9795
"1049","3405",3625
"1050","3411",8280
"1051","3412",1215
"1052","3413",285
"1053","3415",1320
"1054","3417",9975
"1055","3421",8370
"1056","3425",755
"1057","3431",8255
"1058","3432",6585
"1059","3433",3655
"1060","3434",8740
"1061","3435",6035
"1062","3436",6460
"1063","3437",13415
"1064","3438",10225
"1065","3439",2595
"1066","3441",2855
"1067","3442",4340
"1068","3443",7450
"1069","3444",290
"1070","3445",5025
"1071","3446",8940
"1072","3447",715
"1073","3448",9070
"1074","3449",645
"1075","3451",13130
"1076","3452",15045
"1077","3453",9120
"1078","3454",13165
"1079","3455",510
"1080","3461",3890
"1081","3464",380
"1082","3465",2095
"1083","3466",1665
"1084","3467",720
"1085","3471",3905
"1086","3474",2435
"1087","3481",8065
"1088","3511",9580
"1089","3512",8955
"1090","3513",6935
"1091","3514",7585
"1092","3515",6340
"1093","3521",7620
"1094","3522",9000
"1095","3523",10615
"1096","3524",11370
"1097","3525",6410
"1098","3526",12410
"1099","3527",13455
"1100","3528",15
"1101","3531",11430
"1102","3532",7055
"1103","3533",9245
"1104","3534",1830
"1105","3541",11700
"1106","3542",150
"1107","3543",11700
"1108","3544",23525
"1109","3545",2375
"1110","3546",215
"1111","3551",7245
"1112","3552",7780
"1113","3553",7085
"1114","3554",7740
"1115","3555",8520
"1116","3561",9160
"1117","3562",8335
"1118","3563",7790
"1119","3564",9520
"1120","3565",45
"1121","3566",355
"1122","3571",10320
"1123","3572",11670
"1124","3573",5055
"1125","3581",9940
"1126","3582",9525
"1127","3583",6050
"1128","3584",7400
"1129","3585",185
"1130","3601",7290
"1131","3602",3450
"1132","3603",2665
"1133","3604",2520
"1134","3605",5820
"1135","3606",865
"1136","3607",13595
"1137","3608",3355
"1138","3611",615
"1139","3612",1790
"1140","3615",1185
"1141","3621",10680
"1142","3625",190
"1143","3626",725
"1144","3628",3465
"1145","3631",490
"1146","3632",4480
"1147","3633",1985
"1148","3634",505
"1149","3641",11720
"1150","3642",3085
"1151","3643",1470
"1152","3645",9600
"1153","3646",795
"1154","3648",7550
"1155","3651",145
"1156","3652",620
"1157","3653",40
"1158","3701",6465
"1159","3702",3945
"1160","3703",6145
"1161","3704",10140
"1162","3705",10125
"1163","3706",5270
"1164","3707",5990
"1165","3708",6800
"1166","3709",325
"1167","3711",1880
"1168","3712",3305
"1169","3721",8445
"1170","3722",4635
"1171","3723",10145
"1172","3731",6060
"1173","3732",4820
"1174","3734",4495
"1175","3735",1750
"1176","3737",1960
"1177","3738",4905
"1178","3739",1570
"1179","3741",9475
"1180","3742",9410
"1181","3743",4840
"1182","3744",1055
"1183","3749",285
"1184","3751",9090
"1185","3752",12715
"1186","3754",815
"1187","3755",9755
"1188","3761",4970
"1189","3762",8430
"1190","3763",2335
"1191","3764",5440
"1192","3765",5305
"1193","3766",7215
"1194","3768",6215
"1195","3769",7770
"1196","3771",12005
"1197","3772",20770
"1198","3773",3455
"1199","3774",5975
"1200","3775",295
"1201","3776",1705
"1202","3781",12150
"1203","3784",1525
"1204","3785",1590
"1205","3791",2720
"1206","3792",150
"1207","3794",740
"1208","3811",7465
"1209","3812",12720
"1210","3813",15045
"1211","3814",6005
"1212","3815",11610
"1213","3816",12060
"1214","3817",12065
"1215","3818",10775
"1216","3819",645
"1217","3821",660
"1218","3822",7665
"1219","3823",10950
"1220","3824",14585
"1221","3825",14430
"1222","3826",10075
"1223","3828",10100
"1224","3829",4865
"1225","3831",13430
"1226","3832",5390
"1227","3833",7695
"1228","3834",2070
"1229","3835",380
"1230","3836",130
"1231","3841",6120
"1232","3842",7060
"1233","3843",6570
"1234","3844",8980
"1235","3845",10425
"1236","3846",1790
"1237","3847",1005
"1238","3848",3990
"1239","3849",3440
"1240","3851",11990
"1241","3852",5490
"1242","3853",10375
"1243","3861",9990
"1244","3862",13630
"1245","3863",7680
"1246","3864",4260
"1247","3871",9800
"1248","3881",11100
"1249","3882",13870
"1250","3886",2225
"1251","3888",3400
"1252","3891",4925
"1253","3892",5205
"1254","3893",6085
"1255","3894",5560
"1256","3895",NA
"1257","3896",390
"1258","3897",1470
"1259","3898",190
"1260","3899",70
"1261","3901",10475
"1262","3902",10430
"1263","3903",7400
"1264","3904",13320
"1265","3905",14225
"1266","3906",6900
"1267","3907",6690
"1268","3911",14955
"1269","3912",580
"1270","3921",4305
"1271","3922",395
"1272","3925",10345
"1273","3927",5755
"1274","3931",14635
"1275","3941",10680
"1276","3945",3320
"1277","3947",2530
"1278","3951",4610
"1279","3953",1500
"1280","3956",7795
"1281","3958",5470
"1282","3959",1495
"1283","3961",9460
"1284","3962",8635
"1285","3971",8050
"1286","3972",10945
"1287","3981",7365
"1288","3984",6155
"1289","3985",2605
"1290","3989",15
"1291","3991",17980
"1292","3992",5915
"1293","3993",4975
"1294","3994",14475
"1295","3995",3955
"1296","3997",685
"1297","3998",2110
"1298","3999",750
"1299","4001",10925
"1300","4002",2330
"1301","4003",7885
"1302","4004",45
"1303","4005",5935
"1304","4006",3625
"1305","4007",9475
"1306","4011",1780
"1307","4012",1410
"1308","4013",740
"1309","4014",1135
"1310","4016",185
"1311","4017",120
"1312","4021",5115
"1313","4023",660
"1314","4024",1600
"1315","4031",2160
"1316","4032",800
"1317","4033",5940
"1318","4041",7350
"1319","4043",6340
"1320","4051",5210
"1321","4053",1165
"1322","4054",1040
"1323","4061",1665
"1324","4062",175
"1325","4063",420
"1326","4064",1080
"1327","4101",7685
"1328","4102",7955
"1329","4103",1450
"1330","4104",70
"1331","4105",10725
"1332","4106",1540
"1333","4107",515
"1334","4111",650
"1335","4112",3350
"1336","4115",380
"1337","4116",2640
"1338","4117",515
"1339","4119",505
"1340","4121",1190
"1341","4122",865
"1342","4124",1540
"1343","4125",3795
"1344","4126",1005
"1345","4128",3005
"1346","4131",4215
"1347","4132",5150
"1348","4133",7535
"1349","4141",5565
"1350","4142",8030
"1351","4143",6495
"1352","4145",1650
"1353","4147",3240
"1354","4151",580
"1355","4152",900
"1356","4153",3375
"1357","4155",340
"1358","4156",900
"1359","4157",570
"1360","4158",2070
"1361","4161",2375
"1362","4163",240
"1363","4171",2810
"1364","4174",1050
"1365","4175",2910
"1366","4176",1080
"1367","4181",2385
"1368","4182",475
"1369","4184",1185
"1370","4185",570
"1371","4191",11005
"1372","4194",5660
"1373","4196",2105
"1374","4197",1215
"1375","4201",5870
"1376","4202",75
"1377","4203",270
"1378","4204",5260
"1379","4205",9775
"1380","4206",3120
"1381","4207",9850
"1382","4208",3590
"1383","4209",1350
"1384","4211",775
"1385","4212",135
"1386","4213",855
"1387","4214",2150
"1388","4221",1440
"1389","4223",1960
"1390","4225",1810
"1391","4231",3955
"1392","4233",3160
"1393","4235",805
"1394","4241",3425
"1395","4243",1040
"1396","4245",1540
"1397","4247",875
"1398","4251",11575
"1399","4254",6120
"1400","4255",3735
"1401","4261",7000
"1402","4264",3205
"1403","4265",1715
"1404","4266",895
"1405","4267",430
"1406","4268",770
"1407","4269",465
"1408","4271",2625
"1409","4273",4280
"1410","4281",2745
"1411","4283",1645
"1412","4284",2005
"1413","4285",4620
"1414","4286",3810
"1415","4287",290
"1416","4288",350
"1417","4301",9530
"1418","4302",1245
"1419","4303",1260
"1420","4305",585
"1421","4306",2760
"1422","4307",2375
"1423","4308",325
"1424","4311",3795
"1425","4315",965
"1426","4316",770
"1427","4317",790
"1428","4318",1290
"1429","4321",1015
"1430","4322",1310
"1431","4323",345
"1432","4325",1490
"1433","4326",305
"1434","4327",260
"1435","4328",4215
"1436","4331",6555
"1437","4332",4015
"1438","4333",5235
"1439","4334",3100
"1440","4335",7710
"1441","4336",6990
"1442","4337",9580
"1443","4338",105
"1444","4339",1380
"1445","4341",5330
"1446","4351",1670
"1447","4352",510
"1448","4353",1865
"1449","4354",1040
"1450","4356",2440
"1451","4357",1610
"1452","4361",2610
"1453","4363",1485
"1454","4364",1390
"1455","4365",1460
"1456","4371",3475
"1457","4373",875
"1458","4374",1635
"1459","4381",7910
"1460","4382",8325
"1461","4383",3205
"1462","4384",5465
"1463","4385",5205
"1464","4386",3930
"1465","4387",560
"1466","4388",10235
"1467","4389",550
"1468","4401",7140
"1469","4411",2990
"1470","4413",4515
"1471","4414",1435
"1472","4415",610
"1473","4416",4895
"1474","4417",1740
"1475","4421",9385
"1476","4423",510
"1477","4424",3090
"1478","4431",4690
"1479","4433",720
"1480","4434",965
"1481","4435",595
"1482","4436",660
"1483","4437",370
"1484","4438",570
"1485","4441",1220
"1486","4443",630
"1487","4444",510
"1488","4451",5520
"1489","4453",2045
"1490","4454",1490
"1491","4455",1325
"1492","4456",1810
"1493","4458",1710
"1494","4461",11495
"1495","4462",7130
"1496","4463",7595
"1497","4464",2580
"1498","4465",920
"1499","4471",2295
"1500","4472",1150
"1501","4474",550
"1502","4475",815
"1503","4481",3440
"1504","4482",25
"1505","4484",2090
"1506","4485",480
"1507","4486",1575
"1508","4491",1250
"1509","4493",2195
"1510","4494",350
"1511","4501",4635
"1512","4503",955
"1513","4504",390
"1514","4505",460
"1515","4506",685
"1516","4507",1455
"1517","4508",530
"1518","4511",4550
"1519","4513",715
"1520","4515",2345
"1521","4521",1580
"1522","4522",190
"1523","4524",2385
"1524","4525",265
"1525","4527",2315
"1526","4528",315
"1527","4529",960
"1528","4531",2750
"1529","4532",7050
"1530","4533",4440
"1531","4535",4525
"1532","4536",3100
"1533","4537",3895
"1534","4538",290
"1535","4539",185
"1536","4541",2260
"1537","4542",2840
"1538","4543",2720
"1539","4551",3925
"1540","4553",2025
"1541","4554",1925
"1542","4561",9825
"1543","4562",1070
"1544","4564",3160
"1545","4565",350
"1546","4566",1165
"1547","4567",2315
"1548","4568",960
"1549","4569",940
"1550","4571",7840
"1551","4574",910
"1552","4575",255
"1553","4576",2615
"1554","4581",1805
"1555","4583",460
"1556","4584",250
"1557","4585",670
"1558","4586",555
"1559","4587",3185
"1560","4588",330
"1561","4589",285
"1562","4611",9775
"1563","4612",730
"1564","4613",3725
"1565","4614",7095
"1566","4615",5645
"1567","4616",1755
"1568","4617",7240
"1569","4621",4740
"1570","4622",470
"1571","4623",4055
"1572","4624",6595
"1573","4625",3405
"1574","4631",9370
"1575","4634",1475
"1576","4635",2045
"1577","4641",5450
"1578","4645",3865
"1579","4651",12535
"1580","4652",745
"1581","4655",725
"1582","4661",12540
"1583","4664",1915
"1584","4671",5810
"1585","4675",2700
"1586","4681",2265
"1587","4691",8420
"1588","4693",1780
"1589","4694",1855
"1590","4695",3570
"1591","4696",1700
"1592","4697",4090
"1593","4698",2740
"1594","4701",7010
"1595","4702",12950
"1596","4703",7680
"1597","4704",100
"1598","4705",315
"1599","4706",11105
"1600","4707",16065
"1601","4708",12005
"1602","4709",1810
"1603","4711",9690
"1604","4714",5275
"1605","4715",5150
"1606","4721",1325
"1607","4722",225
"1608","4724",4850
"1609","4725",1205
"1610","4726",1855
"1611","4727",610
"1612","4731",13130
"1613","4735",2080
"1614","4741",6815
"1615","4744",2605
"1616","4751",7440
"1617","4754",1195
"1618","4756",2340
"1619","4758",2260
"1620","4759",1045
"1621","4761",13405
"1622","4762",1835
"1623","4765",1620
"1624","4766",20
"1625","4771",640
"1626","4772",250
"1627","4781",560
"1628","4782",520
"1629","4791",5970
"1630","4793",5625
"1631","4794",970
"1632","4796",280
"1633","4797",3110
"1634","4811",18555
"1635","4812",10570
"1636","4813",8690
"1637","4814",11710
"1638","4815",4340
"1639","4816",4875
"1640","4817",15975
"1641","4818",8860
"1642","4819",3675
"1643","4822",7755
"1644","4823",8600
"1645","4824",8825
"1646","4825",95
"1647","4826",9185
"1648","4827",7840
"1649","4834",11980
"1650","4835",6825
"1651","4836",940
"1652","4837",2290
"1653","4838",1220
"1654","4839",410
"1655","4841",12335
"1656","4844",6355
"1657","4845",2240
"1658","4847",9140
"1659","4849",3185
"1660","4851",4955
"1661","4854",8430
"1662","4855",1080
"1663","4856",335
"1664","4858",320
"1665","4859",50
"1666","4861",4255
"1667","4871",17210
"1668","4872",8875
"1669","4873",6245
"1670","4874",3150
"1671","4875",1820
"1672","4876",7720
"1673","4877",35
"1674","4878",5
"1675","4879",175
"1676","4881",8545
"1677","4882",2375
"1678","4884",3015
"1679","4885",1790
"1680","4891",6820
"1681","4901",10905
"1682","4902",9585
"1683","4903",435
"1684","4904",11985
"1685","4905",1410
"1686","4906",4720
"1687","4907",10100
"1688","4908",3050
"1689","4909",1250
"1690","4911",1300
"1691","4921",12965
"1692","4924",555
"1693","4926",4260
"1694","4927",1795
"1695","4931",7230
"1696","4941",8965
"1697","4942",3625
"1698","4944",2240
"1699","5011",12045
"1700","5012",4915
"1701","5013",740
"1702","5014",12090
"1703","5015",755
"1704","5017",5985
"1705","5018",4010
"1706","5021",12620
"1707","5022",8520
"1708","5025",13095
"1709","5026",1700
"1710","5032",6100
"1711","5035",8005
"1712","5036",9120
"1713","5037",11090
"1714","5038",16520
"1715","5041",9890
"1716","5042",12820
"1717","5043",9125
"1718","5044",8330
"1719","5045",18110
"1720","5046",12260
"1721","5047",140
"1722","5048",50
"1723","5049",7120
"1724","5051",14795
"1725","5052",4570
"1726","5053",1960
"1727","5056",12400
"1728","5057",2395
"1729","5059",360
"1730","5061",12630
"1731","5062",6265
"1732","5063",1570
"1733","5066",6120
"1734","5071",8420
"1735","5074",1480
"1736","5076",6010
"1737","5081",8780
"1738","5084",1035
"1739","5085",1290
"1740","5087",3940
"1741","5089",915
"1742","5091",6135
"1743","5094",1900
"1744","5095",1965
"1745","5096",865
"1746","5101",3745
"1747","5102",6840
"1748","5103",6420
"1749","5104",6155
"1750","5105",415
"1751","5106",1245
"1752","5107",45
"1753","5109",2230
"1754","5111",5790
"1755","5113",1160
"1756","5114",125
"1757","5121",12310
"1758","5122",4480
"1759","5124",1220
"1760","5125",450
"1761","5126",8880
"1762","5131",4415
"1763","5133",3000
"1764","5141",6595
"1765","5142",9945
"1766","5143",4425
"1767","5144",9300
"1768","5145",355
"1769","5146",4495
"1770","5151",12945
"1771","5152",5335
"1772","5154",1850
"1773","5156",2720
"1774","5157",95
"1775","5158",190
"1776","5161",10015
"1777","5165",5170
"1778","5171",14130
"1779","5172",2845
"1780","5175",6195
"1781","5176",680
"1782","5211",13935
"1783","5212",7135
"1784","5213",8020
"1785","5215",5430
"1786","5216",7210
"1787","5221",5775
"1788","5222",125
"1789","5223",13760
"1790","5224",9025
"1791","5231",10590
"1792","5232",2125
"1793","5233",8100
"1794","5234",85
"1795","5235",6885
"1796","5236",6620
"1797","5237",9145
"1798","5241",6730
"1799","5242",5005
"1800","5243",2765
"1801","5244",3190
"1802","5245",5675
"1803","5246",6050
"1804","5247",7950
"1805","5248",1535
"1806","5249",340
"1807","5251",13710
"1808","5252",2075
"1809","5253",2165
"1810","5254",2590
"1811","5255",780
"1812","5256",1315
"1813","5257",265
"1814","5258",10455
"1815","5261",7250
"1816","5262",13440
"1817","5263",5705
"1818","5264",140
"1819","5266",905
"1820","5268",4915
"1821","5271",10950
"1822","5272",1610
"1823","5275",4890
"1824","5281",7290
"1825","5282",6990
"1826","5283",12700
"1827","5291",1250
"1828","5292",240
"1829","5293",520
"1830","5294",170
"1831","5296",2210
"1832","5298",4790
"1833","5301",10725
"1834","5302",2835
"1835","5305",1960
"1836","5306",3210
"1837","5307",1175
"1838","5308",2205
"1839","5311",2665
"1840","5313",915
"1841","5314",1750
"1842","5315",685
"1843","5316",430
"1844","5317",1805
"1845","5318",35
"1846","5321",5270
"1847","5324",3650
"1848","5325",1190
"1849","5327",850
"1850","5328",2810
"1851","5331",8235
"1852","5333",300
"1853","5334",1905
"1854","5335",630
"1855","5341",7275
"1856","5342",6960
"1857","5343",5505
"1858","5344",8225
"1859","5345",13475
"1860","5346",7655
"1861","5347",1280
"1862","5348",9350
"1863","5349",275
"1864","5351",11055
"1865","5352",740
"1866","5353",215
"1867","5354",175
"1868","5355",80
"1869","5356",190
"1870","5357",450
"1871","5358",340
"1872","5359",45
"1873","5361",8585
"1874","5363",1380
"1875","5364",1220
"1876","5366",1755
"1877","5367",745
"1878","5368",740
"1879","5369",NA
"1880","5371",3155
"1881","5373",2930
"1882","5374",7395
"1883","5375",1785
"1884","5381",745
"1885","5382",1580
"1886","5383",505
"1887","5384",13985
"1888","5386",5095
"1889","5388",6605
"1890","5391",3870
"1891","5392",905
"1892","5394",1270
"1893","5395",190
"1894","5396",850
"1895","5397",3205
"1896","5398",1395
"1897","5401",8450
"1898","5402",8030
"1899","5403",9010
"1900","5404",3840
"1901","5405",755
"1902","5406",7420
"1903","5408",3585
"1904","5409",2070
"1905","5411",6880
"1906","5421",13495
"1907","5422",3700
"1908","5423",1870
"1909","5424",1110
"1910","5425",1710
"1911","5427",9505
"1912","5428",1790
"1913","5431",11580
"1914","5432",7155
"1915","5433",505
"1916","5434",1265
"1917","5435",490
"1918","5437",1765
"1919","5438",1220
"1920","5439",280
"1921","5441",2375
"1922","5443",2895
"1923","5445",725
"1924","5446",2920
"1925","5447",1685
"1926","5449",80
"1927","5451",6375
"1928","5453",2325
"1929","5454",1400
"1930","5455",1125
"1931","5461",4930
"1932","5462",3585
"1933","5463",8955
"1934","5464",6225
"1935","5465",1850
"1936","5466",1505
"1937","5467",7405
"1938","5469",7310
"1939","5471",115
"1940","5472",1215
"1941","5473",8675
"1942","5476",1870
"1943","5481",9945
"1944","5482",14090
"1945","5491",11240
"1946","5492",7260
"1947","5501",4245
"1948","5502",5080
"1949","5503",5980
"1950","5504",6555
"1951","5505",4885
"1952","5506",2790
"1953","5507",3335
"1954","5508",10645
"1955","5509",3315
"1956","5511",1440
"1957","5512",2210
"1958","5513",2145
"1959","5521",10860
"1960","5524",1525
"1961","5525",2015
"1962","5527",5755
"1963","5528",2325
"1964","5529",1140
"1965","5531",10690
"1966","5534",1075
"1967","5541",8845
"1968","5551",9595
"1969","5552",6110
"1970","5553",1895
"1971","5554",9555
"1972","5555",3250
"1973","5556",1305
"1974","5561",2405
"1975","5563",2125
"1976","5571",11400
"1977","5575",3265
"1978","5581",7210
"1979","5582",5230
"1980","5583",5550
"1981","5591",10245
"1982","5595",4600
"1983","5611",14500
"1984","5612",13320
"1985","5613",6635
"1986","5614",3815
"1987","5615",7985
"1988","5616",13510
"1989","5617",3125
"1990","5621",5850
"1991","5622",8620
"1992","5623",10780
"1993","5624",5650
"1994","5625",10160
"1995","5626",4150
"1996","5627",12150
"1997","5628",10460
"1998","5629",10040
"1999","5631",5930
"2000","5632",13335
"2001","5633",145
"2002","5641",7945
"2003","5642",8565
"2004","5643",8445
"2005","5644",8950
"2006","5645",3905
"2007","5646",2460
"2008","5647",40
"2009","5651",4175
"2010","5652",6925
"2011","5653",6900
"2012","5654",10480
"2013","5655",4250
"2014","5656",NA
"2015","5657",245
"2016","5658",12970
"2017","5661",1195
"2018","5662",3175
"2019","5663",6270
"2020","5664",5045
"2021","5665",5325
"2022","5666",3930
"2023","5667",4535
"2024","5671",5705
"2025","5672",6975
"2026","5673",6150
"2027","5674",5400
"2028","5681",850
"2029","5682",4275
"2030","5683",6530
"2031","5684",12665
"2032","5685",6900
"2033","5688",12555
"2034","5689",590
"2035","5691",10955
"2036","5692",2180
"2037","5694",4825
"2038","5701",16235
"2039","5702",12180
"2040","5703",5620
"2041","5704",9005
"2042","5705",2355
"2043","5706",15290
"2044","5707",10835
"2045","5708",11300
"2046","5709",13055
"2047","5711",8650
"2048","5712",9220
"2049","5715",2315
"2050","5721",13390
"2051","5722",295
"2052","5724",1035
"2053","5725",2575
"2054","5731",11255
"2055","5735",5900
"2056","5737",4335
"2057","5738",2065
"2058","5741",10920
"2059","5751",13130
"2060","5752",1885
"2061","5753",4295
"2062","5754",6235
"2063","5756",1495
"2064","5757",3355
"2065","5758",1870
"2066","5759",915
"2067","5761",6155
"2068","5763",2225
"2069","5764",1170
"2070","5766",525
"2071","5768",6440
"2072","5801",10440
"2073","5802",7335
"2074","5803",8020
"2075","5804",3550
"2076","5807",2515
"2077","5808",1230
"2078","5809",2215
"2079","5811",860
"2080","5812",515
"2081","5813",2375
"2082","5814",550
"2083","5815",1095
"2084","5816",250
"2085","5817",210
"2086","5821",2600
"2087","5823",930
"2088","5824",560
"2089","5825",4305
"2090","5826",515
"2091","5827",795
"2092","5831",12500
"2093","5835",1955
"2094","5836",1840
"2095","5841",1890
"2096","5843",715
"2097","5844",790
"2098","5845",4235
"2099","5846",740
"2100","5851",2110
"2101","5853",2120
"2102","5854",5295
"2103","5855",2415
"2104","5856",1210
"2105","5861",1880
"2106","5862",410
"2107","5863",1215
"2108","5864",1915
"2109","5865",1355
"2110","5866",1280
"2111","5871",1115
"2112","5872",815
"2113","5911",5245
"2114","5912",10410
"2115","5913",9890
"2116","5914",7785
"2117","5915",6005
"2118","5916",2490
"2119","5921",6755
"2120","5922",6000
"2121","5923",3060
"2122","5924",3705
"2123","5925",3845
"2124","5926",2890
"2125","5927",890
"2126","5928",845
"2127","5931",9720
"2128","5932",5455
"2129","5935",3655
"2130","5941",5535
"2131","5943",1055
"2132","5944",2985
"2133","5951",5575
"2134","5953",10985
"2135","5954",2410
"2136","5961",13370
"2137","5962",2195
"2138","5963",2045
"2139","5964",1685
"2140","5966",2320
"2141","5971",4885
"2142","5973",1995
"2143","5975",7045
"2144","5976",1125
"2145","5977",240
"2146","5981",7820
"2147","5984",1245
"2148","5985",1690
"2149","5986",2190
"2150","5987",1530
"2151","5988",6460
"2152","5991",6440
"2153","5993",7545
"2154","5995",4170
"2155","6001",8095
"2156","6002",6460
"2157","6003",5795
"2158","6004",9440
"2159","6005",4410
"2160","6006",11725
"2161","6011",1455
"2162","6012",490
"2163","6013",975
"2164","6014",1650
"2165","6015",1255
"2166","6017",2480
"2167","6019",2000
"2168","6021",9515
"2169","6023",2130
"2170","6024",1430
"2171","6026",5185
"2172","6027",1850
"2173","6028",730
"2174","6029",1960
"2175","6031",10600
"2176","6034",1555
"2177","6035",4190
"2178","6037",1200
"2179","6039",5145
"2180","6041",12625
"2181","6042",9855
"2182","6043",11390
"2183","6044",3505
"2184","6045",6150
"2185","6049",8355
"2186","6051",7025
"2187","6061",4030
"2188","6063",2370
"2189","6065",3100
"2190","6067",3860
"2191","6071",8860
"2192","6074",3710
"2193","6075",4250
"2194","6077",3350
"2195","6081",4380
"2196","6082",930
"2197","6083",680
"2198","6085",3760
"2199","6086",3330
"2200","6088",4275
"2201","6089",735
"2202","6091",825
"2203","6092",325
"2204","6093",6585
"2205","6095",2645
"2206","6096",1665
"2207","6097",4570
"2208","6099",1885
"2209","6101",9755
"2210","6102",5240
"2211","6104",1665
"2212","6105",1350
"2213","6107",1745
"2214","6109",840
"2215","6111",575
"2216","6112",835
"2217","6114",7810
"2218","6116",1495
"2219","6118",3315
"2220","6121",5925
"2221","6122",1980
"2222","6123",1120
"2223","6124",750
"2224","6125",1735
"2225","6127",2265
"2226","6129",5695
"2227","6131",5150
"2228","6132",5265
"2229","6133",3740
"2230","6134",2400
"2231","6135",6160
"2232","6136",6820
"2233","6137",8140
"2234","6141",2540
"2235","6142",1300
"2236","6143",1220
"2237","6151",4545
"2238","6153",100
"2239","6155",2020
"2240","6161",4275
"2241","6162",4580
"2242","6163",7715
"2243","6164",4975
"2244","6165",4755
"2245","6166",5160
"2246","6167",20
"2247","6171",10715
"2248","6174",755
"2249","6176",3355
"2250","6181",8335
"2251","6191",12415
"2252","6199",450
"2253","6211",13745
"2254","6212",4500
"2255","6213",4560
"2256","6214",5000
"2257","6215",8160
"2258","6216",7220
"2259","6217",9350
"2260","6218",7315
"2261","6219",1645
"2262","6221",10520
"2263","6222",5770
"2264","6223",2630
"2265","6224",9190
"2266","6225",6695
"2267","6226",7415
"2268","6227",7575
"2269","6228",6550
"2270","6229",7420
"2271","6231",7515
"2272","6235",2785
"2273","6237",325
"2274","6241",5450
"2275","6243",2500
"2276","6245",9675
"2277","6247",2905
"2278","6251",400
"2279","6252",145
"2280","6255",1180
"2281","6261",845
"2282","6262",1000
"2283","6265",1410
"2284","6267",3585
"2285","6268",570
"2286","6269",3985
"2287","6271",3905
"2288","6273",220
"2289","6274",520
"2290","6276",150
"2291","6277",385
"2292","6278",70
"2293","6281",1720
"2294","6285",1020
"2295","6286",1935
"2296","6287",1640
"2297","6289",75
"2298","6291",7830
"2299","6294",1410
"2300","6295",880
"2301","6301",10565
"2302","6305",1415
"2303","6307",325
"2304","6311",815
"2305","6312",160
"2306","6321",2405
"2307","6325",4305
"2308","6333",3170
"2309","6336",3880
"2310","6341",50
"2311","6342",100
"2312","6343",3270
"2313","6351",4985
"2314","6353",40
"2315","6361",6445
"2316","6363",1610
"2317","6365",2705
"2318","6367",8130
"2319","6369",5225
"2320","6371",6290
"2321","6372",10160
"2322","6373",8780
"2323","6374",11885
"2324","6411",8060
"2325","6412",8970
"2326","6413",11180
"2327","6414",7545
"2328","6415",6445
"2329","6416",6075
"2330","6417",6690
"2331","6418",9445
"2332","6419",4175
"2333","6421",10
"2334","6422",70
"2335","6431",9850
"2336","6432",3955
"2337","6433",4985
"2338","6436",2655
"2339","6438",3715
"2340","6439",1095
"2341","6441",7440
"2342","6442",2645
"2343","6443",3700
"2344","6444",6260
"2345","6445",2755
"2346","6446",4965
"2347","6447",1595
"2348","6451",4675
"2349","6454",720
"2350","6456",855
"2351","6461",8110
"2352","6462",7105
"2353","6463",4630
"2354","6464",4285
"2355","6465",2010
"2356","6466",7745
"2357","6467",4850
"2358","6468",265
"2359","6469",590
"2360","6471",5730
"2361","6511",11180
"2362","6512",5790
"2363","6515",10300
"2364","6521",6855
"2365","6522",5025
"2366","6523",8060
"2367","6524",7790
"2368","6525",10200
"2369","6531",10465
"2370","6532",6065
"2371","6533",11350
"2372","6534",3880
"2373","6535",7275
"2374","6536",3510
"2375","6537",9730
"2376","6538",9340
"2377","6541",10510
"2378","6542",7455
"2379","6543",7740
"2380","6544",5510
"2381","6545",5375
"2382","6546",9110
"2383","6551",2560
"2384","6561",6570
"2385","6562",10590
"2386","6564",850
"2387","6566",5835
"2388","6571",2000
"2389","6572",495
"2390","6573",3620
"2391","6574",490
"2392","6575",90
"2393","6576",2555
"2394","6577",170
"2395","6578",1735
"2396","6579",480
"2397","6581",11355
"2398","6582",1950
"2399","6584",3730
"2400","6585",3205
"2401","6586",345
"2402","6587",870
"2403","6591",9255
"2404","6595",2390
"2405","6596",2880
"2406","6598",2485
"2407","6599",785
"2408","6601",10570
"2409","6602",6580
"2410","6603",5120
"2411","6604",3945
"2412","6605",10615
"2413","6606",430
"2414","6611",2710
"2415","6612",820
"2416","6613",740
"2417","6615",130
"2418","6616",965
"2419","6617",1775
"2420","6621",3550
"2421","6624",1350
"2422","6626",1720
"2423","6627",1420
"2424","6628",645
"2425","6629",840
"2426","6631",1630
"2427","6634",670
"2428","6641",12895
"2429","6642",4520
"2430","6644",4515
"2431","6645",2230
"2432","6651",10750
"2433","6652",2305
"2434","6653",1895
"2435","6654",1695
"2436","6655",1310
"2437","6657",2240
"2438","6658",7325
"2439","6659",2590
"2440","6661",12545
"2441","6662",9935
"2442","6663",14525
"2443","6665",4380
"2444","6666",5050
"2445","6668",1460
"2446","6669",4600
"2447","6671",5220
"2448","6672",175
"2449","6673",1700
"2450","6674",3190
"2451","6675",2020
"2452","6676",65
"2453","6677",485
"2454","6678",2685
"2455","6681",12260
"2456","6684",130
"2457","6685",2070
"2458","6686",2775
"2459","6687",2915
"2460","6691",7385
"2461","6701",4165
"2462","6702",2835
"2463","6703",2870
"2464","6704",1020
"2465","6705",1470
"2466","6706",5630
"2467","6707",5180
"2468","6708",13770
"2469","6709",5640
"2470","6711",12835
"2471","6712",5135
"2472","6713",10500
"2473","6714",7760
"2474","6715",6805
"2475","6716",8075
"2476","6717",19880
"2477","6718",10030
"2478","6721",15215
"2479","6731",2150
"2480","6732",4010
"2481","6733",2895
"2482","6741",13830
"2483","6744",3785
"2484","6745",505
"2485","6811",7015
"2486","6812",2840
"2487","6813",4345
"2488","6814",6345
"2489","6815",3330
"2490","6816",2355
"2491","6821",5825
"2492","6822",7155
"2493","6823",6810
"2494","6824",10695
"2495","6825",5935
"2496","6826",10485
"2497","6827",1230
"2498","6828",12520
"2499","6831",3625
"2500","6832",5745
"2501","6833",6540
"2502","6834",3370
"2503","6835",5595
"2504","6836",11665
"2505","6841",4650
"2506","6842",2910
"2507","6843",10640
"2508","6844",4040
"2509","6845",6240
"2510","6846",15705
"2511","6851",9485
"2512","6852",10285
"2513","6861",5555
"2514","6862",5680
"2515","6865",4935
"2516","6866",3550
"2517","6869",700
"2518","6871",9120
"2519","6874",1875
"2520","6877",75
"2521","6881",7670
"2522","6882",6515
"2523","6883",4185
"2524","6891",1830
"2525","6901",6705
"2526","6902",1155
"2527","6903",6830
"2528","6904",7140
"2529","6905",4845
"2530","6909",1945
"2531","6911",2440
"2532","6913",825
"2533","6914",1100
"2534","6915",3040
"2535","6916",2840
"2536","6917",795
"2537","6921",14205
"2538","6922",7460
"2539","6923",2025
"2540","6924",1185
"2541","6931",7850
"2542","6932",7300
"2543","6941",4755
"2544","6942",12690
"2545","6951",7185
"2546","6952",4245
"2547","6953",2050
"2548","6955",1035
"2549","6956",935
"2550","6957",910
"2551","6961",10215
"2552","6964",825
"2553","6971",8540
"2554","6974",720
"2555","6975",325
"2556","6981",4445
"2557","6982",2375
"2558","6983",4055
"2559","6984",205
"2560","6986",1370
"2561","6987",2690
"2562","6988",1315
"2563","6991",7855
"2564","6994",1075
"2565","6996",1645
"2566","6997",475
"2567","6998",565
"2568","6999",1600
"2569","7001",4720
"2570","7002",6550
"2571","7003",2910
"2572","7004",4810
"2573","7005",935
"2574","7006",9910
"2575","7007",8995
"2576","7008",880
"2577","7009",7100
"2578","7011",5725
"2579","7021",8775
"2580","7025",2215
"2581","7031",7095
"2582","7035",1520
"2583","7036",450
"2584","7037",2370
"2585","7038",2740
"2586","7039",1180
"2587","7041",8550
"2588","7044",475
"2589","7045",795
"2590","7046",105
"2591","7047",1085
"2592","7048",165
"2593","7051",5800
"2594","7054",1205
"2595","7055",1050
"2596","7061",4495
"2597","7064",5565
"2598","7065",970
"2599","7071",10570
"2600","7075",1790
"2601","7076",850
"2602","7077",485
"2603","7078",1010
"2604","7081",4375
"2605","7083",275
"2606","7084",960
"2607","7091",7210
"2608","7095",1105
"2609","7101",12415
"2610","7102",3715
"2611","7103",7805
"2612","7104",1500
"2613","7105",420
"2614","7106",340
"2615","7107",685
"2616","7108",890
"2617","7109",625
"2618","7113",285
"2619","7115",300
"2620","7119",255
"2621","7121",8010
"2622","7122",8065
"2623","7123",1390
"2624","7126",1525
"2625","7131",9980
"2626","7132",3095
"2627","7134",1165
"2628","7135",1340
"2629","7136",1995
"2630","7137",1390
"2631","7141",9570
"2632","7142",505
"2633","7151",7800
"2634","7152",3330
"2635","7156",2840
"2636","7157",1305
"2637","7161",9285
"2638","7165",1030
"2639","7201",5690
"2640","7202",1765
"2641","7203",4785
"2642","7204",9865
"2643","7205",2315
"2644","7206",6495
"2645","7207",9400
"2646","7211",4555
"2647","7213",3980
"2648","7214",2080
"2649","7215",405
"2650","7216",290
"2651","7217",1800
"2652","7218",1240
"2653","7221",2210
"2654","7223",1050
"2655","7224",75
"2656","7225",250
"2657","7226",130
"2658","7227",900
"2659","7231",5295
"2660","7232",3135
"2661","7233",360
"2662","7234",630
"2663","7241",8240
"2664","7242",5625
"2665","7244",1765
"2666","7245",4305
"2667","7251",7175
"2668","7255",6630
"2669","7256",1440
"2670","7261",7760
"2671","7263",930
"2672","7271",7885
"2673","7273",710
"2674","7274",1335
"2675","7275",655
"2676","7311",11045
"2677","7312",10830
"2678","7313",2310
"2679","7314",7140
"2680","7315",4930
"2681","7316",6295
"2682","7317",670
"2683","7321",6240
"2684","7322",9740
"2685","7323",13850
"2686","7324",2645
"2687","7325",13175
"2688","7326",9660
"2689","7327",5650
"2690","7328",7230
"2691","7329",2750
"2692","7331",11265
"2693","7332",750
"2694","7333",6540
"2695","7334",2660
"2696","7335",6455
"2697","7336",345
"2698","7339",6320
"2699","7341",1065
"2700","7345",2200
"2701","7346",255
"2702","7348",100
"2703","7351",1330
"2704","7352",55
"2705","7361",4960
"2706","7364",1335
"2707","7371",3310
"2708","7381",1760
"2709","7382",1555
"2710","7383",2745
"2711","7384",3045
"2712","7391",12260
"2713","7392",1210
"2714","7395",970
"2715","7396",2540
"2716","7397",765
"2717","7399",655
"2718","7411",8895
"2719","7412",11760
"2720","7413",7210
"2721","7414",5355
"2722","7415",12445
"2723","7416",3460
"2724","7417",5120
"2725","7418",895
"2726","7419",2290
"2727","7421",5180
"2728","7422",2335
"2729","7423",5930
"2730","7424",4745
"2731","7425",7730
"2732","7426",30
"2733","7427",75
"2734","7428",160
"2735","7429",1105
"2736","7431",4915
"2737","7433",6070
"2738","7434",1475
"2739","7435",450
"2740","7437",5765
"2741","7439",290
"2742","7441",5200
"2743","7442",10615
"2744","7443",9160
"2745","7447",6540
"2746","7448",2090
"2747","7451",9590
"2748","7461",10015
"2749","7462",13855
"2750","7463",5220
"2751","7466",325
"2752","7467",435
"2753","7468",7450
"2754","7471",12200
"2755","7472",35
"2756","7475",7320
"2757","7478",2665
"2758","7481",10950
"2759","7482",10480
"2760","7483",2920
"2761","7491",7365
"2762","7495",1935
"2763","7496",2300
"2764","7497",1630
"2765","7511",10365
"2766","7512",7230
"2767","7513",5380
"2768","7514",6535
"2769","7521",9145
"2770","7522",7925
"2771","7523",12225
"2772","7524",3810
"2773","7525",370
"2774","7531",8410
"2775","7532",5345
"2776","7533",4840
"2777","7534",12435
"2778","7535",3740
"2779","7536",55
"2780","7541",3175
"2781","7542",10315
"2782","7543",6375
"2783","7544",15960
"2784","7545",14910
"2785","7546",8605
"2786","7547",585
"2787","7548",4005
"2788","7551",4360
"2789","7552",11690
"2790","7553",9860
"2791","7554",1500
"2792","7555",9510
"2793","7556",12445
"2794","7557",10845
"2795","7558",12030
"2796","7559",10820
"2797","7561",2000
"2798","7562",230
"2799","7571",2810
"2800","7572",5065
"2801","7573",3715
"2802","7574",3490
"2803","7575",680
"2804","7576",5940
"2805","7577",9860
"2806","7581",8570
"2807","7582",5200
"2808","7585",510
"2809","7586",4130
"2810","7587",3945
"2811","7588",1020
"2812","7591",10250
"2813","7595",3120
"2814","7596",2345
"2815","7597",1705
"2816","7601",6930
"2817","7602",6565
"2818","7603",6500
"2819","7604",6500
"2820","7605",2965
"2821","7606",6805
"2822","7607",9570
"2823","7608",11145
"2824","7609",13695
"2825","7610",45
"2826","7611",1530
"2827","7614",250
"2828","7615",1615
"2829","7621",5945
"2830","7622",7810
"2831","7623",8845
"2832","7625",1460
"2833","7626",575
"2834","7627",2065
"2835","7631",4490
"2836","7634",755
"2837","7635",960
"2838","7636",620
"2839","7637",325
"2840","7638",170
"2841","7641",8215
"2842","7642",7405
"2843","7645",1105
"2844","7651",5860
"2845","7661",990
"2846","7662",215
"2847","7663",385
"2848","7664",620
"2849","7665",3555
"2850","7666",905
"2851","7667",1270
"2852","7668",155
"2853","7671",11450
"2854","7672",2510
"2855","7675",150
"2856","7676",4425
"2857","7678",4285
"2858","7679",1290
"2859","7681",8905
"2860","7683",6000
"2861","7685",1055
"2862","7686",575
"2863","7687",1220
"2864","7688",1440
"2865","7691",3570
"2866","7692",955
"2867","7693",1455
"2868","7694",1565
"2869","7695",1100
"2870","7696",320
"2871","7701",12075
"2872","7702",990
"2873","7705",370
"2874","7707",4005
"2875","7711",9560
"2876","7715",980
"2877","7721",7210
"2878","7722",8120
"2879","7731",12250
"2880","7732",1045
"2881","7734",380
"2882","7735",375
"2883","7736",170
"2884","7737",560
"2885","7738",665
"2886","7739",425
"2887","7741",9210
"2888","7742",6685
"2889","7751",3810
"2890","7753",655
"2891","7754",365
"2892","7755",360
"2893","7756",235
"2894","7761",4435
"2895","7764",470
"2896","7765",1655
"2897","7766",1305
"2898","7771",4850
"2899","7772",11195
"2900","7773",4500
"2901","7775",2060
"2902","7776",3240
"2903","7777",980
"2904","7778",210
"2905","7779",115
"2906","7781",255
"2907","7782",1950
"2908","7783",3330
"2909","7784",555
"2910","7785",45
"2911","7786",190
"2912","7787",175
"2913","7788",155
"2914","7791",585
"2915","7792",100
"2916","7793",455
"2917","7794",260
"2918","7795",145
"2919","7796",645
"2920","7797",575
"2921","7798",390
"2922","7811",5340
"2923","7812",9880
"2924","7813",2010
"2925","7814",1860
"2926","7815",6010
"2927","7821",15
"2928","7822",3165
"2929","7823",8235
"2930","7824",7670
"2931","7825",415
"2932","7826",2980
"2933","7827",9070
"2934","7828",2125
"2935","7831",3365
"2936","7833",4715
"2937","7841",2265
"2938","7842",65
"2939","7843",835
"2940","7844",2160
"2941","7845",285
"2942","7846",620
"2943","7847",235
"2944","7848",2180
"2945","7849",375
"2946","7851",365
"2947","7852",215
"2948","7853",165
"2949","7854",1910
"2950","7855",400
"2951","7856",170
"2952","7858",120
"2953","7859",40
"2954","7861",1890
"2955","7863",670
"2956","7864",405
"2957","7871",740
"2958","7872",1210
"2959","7873",1960
"2960","7874",400
"2961","7875",1730
"2962","7876",3425
"2963","7877",100
"2964","7881",7730
"2965","7884",1770
"2966","7885",2075
"2967","7887",4750
"2968","7889",270
"2969","7891",11800
"2970","7892",135
"2971","7894",3085
"2972","7895",860
"2973","7901",3385
"2974","7902",5035
"2975","7903",400
"2976","7904",5020
"2977","7905",4380
"2978","7906",6145
"2979","7907",2020
"2980","7908",11440
"2981","7909",2805
"2982","7910",120
"2983","7911",320
"2984","7912",650
"2985","7913",5280
"2986","7914",1925
"2987","7915",80
"2988","7916",2420
"2989","7917",1325
"2990","7918",1415
"2991","7921",6885
"2992","7924",1070
"2993","7925",595
"2994","7926",980
"2995","7927",715
"2996","7928",10
"2997","7929",45
"2998","7931",785
"2999","7932",385
"3000","7933",1670
"3001","7934",640
"3002","7935",80
"3003","7936",785
"3004","7937",60
"3005","7938",965
"3006","7941",6390
"3007","7942",6235
"3008","7943",8400
"3009","7944",10445
"3010","7946",1710
"3011","7948",4040
"3012","7949",125
"3013","7951",11160
"3014","7954",4155
"3015","7955",1445
"3016","7957",2995
"3017","7958",2570
"3018","7961",3955
"3019","7963",3655
"3020","7964",360
"3021","7965",110
"3022","7966",65
"3023","7971",3700
"3024","7973",735
"3025","7974",195
"3026","7975",1430
"3027","7981",2650
"3028","7983",665
"3029","7984",175
"3030","7985",75
"3031","7986",275
"3032","7991",4185
"3033","8011",9115
"3034","8012",7155
"3035","8013",2585
"3036","8014",12425
"3037","8015",3100
"3038","8016",7515
"3039","8017",6880
"3040","8019",2500
"3041","8021",5900
"3042","8022",5065
"3043","8023",5745
"3044","8024",4220
"3045","8025",1440
"3046","8026",985
"3047","8028",235
"3048","8031",10045
"3049","8032",10020
"3050","8033",3345
"3051","8034",715
"3052","8035",290
"3053","8041",370
"3054","8042",5370
"3055","8043",23005
"3056","8044",5095
"3057","8045",20
"3058","8051",10575
"3059","8052",2050
"3060","8055",665
"3061","8061",7780
"3062","8064",4995
"3063","8066",590
"3064","8071",13380
"3065","8072",7880
"3066","8075",5030
"3067","8076",700
"3068","8077",2080
"3069","8079",240
"3070","8081",11695
"3071","8082",915
"3072","8084",7005
"3073","8085",4295
"3074","8091",12295
"3075","8094",1500
"3076","8095",1385
"3077","8096",6455
"3078","8097",2410
"3079","8101",6250
"3080","8102",7300
"3081","8103",6445
"3082","8105",2265
"3083","8106",1490
"3084","8107",1190
"3085","8111",3780
"3086","8112",1285
"3087","8121",8380
"3088","8124",1280
"3089","8131",8480
"3090","8141",7240
"3091","8144",455
"3092","8146",330
"3093","8147",235
"3094","8148",1535
"3095","8151",1815
"3096","8152",2735
"3097","8153",155
"3098","8154",90
"3099","8161",6415
"3100","8162",9285
"3101","8166",3220
"3102","8167",1600
"3103","8171",7855
"3104","8172",4790
"3105","8181",11960
"3106","8191",6410
"3107","8193",190
"3108","8194",665
"3109","8196",635
"3110","8198",65
"3111","8211",335
"3112","8212",4570
"3113","8218",230
"3114","8219",3545
"3115","8221",NA
"3116","8222",200
"3117","8223",5570
"3118","8224",7690
"3119","8225",8070
"3120","8226",9615
"3121","8231",5405
"3122","8232",7900
"3123","8233",845
"3124","8239",680
"3125","8241",1565
"3126","8242",6510
"3127","8243",9610
"3128","8244",4215
"3129","8245",7525
"3130","8251",13280
"3131","8252",5810
"3132","8253",10745
"3133","8254",895
"3134","8255",6505
"3135","8256",7120
"3136","8261",5395
"3137","8262",6470
"3138","8263",765
"3139","8264",2060
"3140","8265",15485
"3141","8266",7740
"3142","8267",685
"3143","8269",185
"3144","8271",12765
"3145","8274",885
"3146","8275",655
"3147","8276",860
"3148","8277",1080
"3149","8278",985
"3150","8281",10495
"3151","8291",5
"3152","8293",150
"3153","8294",175
"3154","8301",2045
"3155","8302",11585
"3156","8303",9910
"3157","8304",3445
"3158","8305",365
"3159","8307",3335
"3160","8308",1955
"3161","8309",2520
"3162","8311",1720
"3163","8312",1780
"3164","8313",1715
"3165","8314",1660
"3166","8315",2455
"3167","8316",3955
"3168","8317",1580
"3169","8319",NA
"3170","8321",13680
"3171","8322",8275
"3172","8323",5
"3173","8325",4390
"3174","8326",2565
"3175","8331",10350
"3176","8332",6155
"3177","8333",1005
"3178","8334",2175
"3179","8335",220
"3180","8336",165
"3181","8337",255
"3182","8338",900
"3183","8339",170
"3184","8341",1880
"3185","8342",260
"3186","8343",610
"3187","8344",320
"3188","8345",325
"3189","8346",490
"3190","8347",595
"3191","8351",830
"3192","8355",2890
"3193","8356",1360
"3194","8361",80
"3195","8362",25
"3196","8363",165
"3197","8371",625
"3198","8372",45
"3199","8373",335
"3200","8374",930
"3201","8375",2705
"3202","8376",560
"3203","8377",225
"3204","8378",395
"3205","8381",2090
"3206","8382",290
"3207","8383",510
"3208","8384",950
"3209","8385",365
"3210","8386",115
"3211","8387",220
"3212","8388",570
"3213","8389",335
"3214","8391",3645
"3215","8392",865
"3216","8393",205
"3217","8394",390
"3218","8395",1025
"3219","8396",90
"3220","8397",805
"3221","8398",500
"3222","8401",7525
"3223","8403",265
"3224","8404",1060
"3225","8405",435
"3226","8406",1615
"3227","8407",1010
"3228","8408",1310
"3229","8409",745
"3230","8411",3210
"3231","8412",820
"3232","8413",845
"3233","8414",1470
"3234","8415",410
"3235","8421",1505
"3236","8422",265
"3237","8423",1035
"3238","8424",680
"3239","8425",330
"3240","8426",4940
"3241","8427",405
"3242","8428",365
"3243","8431",9780
"3244","8432",580
"3245","8433",3190
"3246","8434",835
"3247","8435",1920
"3248","8437",285
"3249","8438",140
"3250","8439",55
"3251","8441",4775
"3252","8442",5845
"3253","8443",2860
"3254","8444",285
"3255","8445",1445
"3256","8446",7310
"3257","8447",3245
"3258","8448",6000
"3259","8449",265
"3260","8451",1395
"3261","8452",130
"3262","8453",980
"3263","8454",685
"3264","8455",615
"3265","8456",1285
"3266","8457",295
"3267","8458",850
"3268","8459",425
"3269","8461",765
"3270","8462",180
"3271","8463",585
"3272","8464",1240
"3273","8465",1855
"3274","8466",50
"3275","8467",385
"3276","8468",375
"3277","8469",160
"3278","8471",11205
"3279","8472",2190
"3280","8474",1095
"3281","8475",535
"3282","8476",320
"3283","8477",145
"3284","8478",240
"3285","8479",205
"3286","8481",130
"3287","8482",210
"3288","8483",445
"3289","8484",275
"3290","8485",465
"3291","8486",230
"3292","8487",140
"3293","8488",190
"3294","8489",35
"3295","8491",3325
"3296","8493",720
"3297","8494",975
"3298","8495",1505
"3299","8497",55
"3300","8501",9660
"3301","8502",3240
"3302","8503",65
"3303","8505",65
"3304","8506",535
"3305","8507",230
"3306","8508",515
"3307","8511",235
"3308","8512",285
"3309","8513",360
"3310","8514",85
"3311","8515",75
"3312","8516",85
"3313","8517",785
"3314","8521",3335
"3315","8522",350
"3316","8523",490
"3317","8524",30
"3318","8525",1045
"3319","8526",95
"3320","8527",130
"3321","8528",45
"3322","8529",85
"3323","8531",8320
"3324","8532",2030
"3325","8534",55
"3326","8535",185
"3327","8536",885
"3328","8537",255
"3329","8538",675
"3330","8539",1010
"3331","8541",110
"3332","8542",225
"3333","8551",1390
"3334","8552",30
"3335","8553",105
"3336","8554",65
"3337","8556",695
"3338","8561",4335
"3339","8563",645
"3340","8564",110
"3341","8565",405
"3342","8566",565
"3343","8567",1380
"3344","8571",520
"3345","8572",180
"3346","8573",105
"3347","8574",1030
"3348","8581",355
"3349","8582",290
"3350","8583",40
"3351","8584",570
"3352","8601",3340
"3353","8602",4800
"3354","8603",5210
"3355","8604",5215
"3356","8605",2020
"3357","8606",2780
"3358","8607",5825
"3359","8608",4845
"3360","8611",270
"3361","8612",25
"3362","8613",20
"3363","8614",740
"3364","8615",605
"3365","8616",85
"3366","8617",235
"3367","8618",440
"3368","8621",2405
"3369","8622",625
"3370","8623",320
"3371","8624",385
"3372","8625",1045
"3373","8626",125
"3374","8627",335
"3375","8628",250
"3376","8629",1565
"3377","8631",45
"3378","8632",195
"3379","8633",635
"3380","8635",395
"3381","8636",95
"3382","8637",285
"3383","8641",105
"3384","8642",65
"3385","8644",110
"3386","8647",330
"3387","8651",2975
"3388","8658",80
"3389","8701",8115
"3390","8702",1990
"3391","8711",4675
"3392","8713",855
"3393","8715",950
"3394","8721",785
"3395","8722",335
"3396","8723",2770
"3397","8724",330
"3398","8731",2380
"3399","8732",235
"3400","8733",50
"3401","8734",880
"3402","8735",225
"3403","8736",195
"3404","8737",125
"3405","8741",105
"3406","8742",305
"3407","8743",80
"3408","8744",225
"3409","8745",50
"3410","8746",150
"3411","8747",285
"3412","8748",1800
"3413","8749",600
"3414","8751",165
"3415","8752",20
"3416","8753",80
"3417","8754",3400
"3418","8755",105
"3419","8756",50
"3420","8757",190
"3421","8758",100
"3422","8759",440
"3423","8761",225
"3424","8762",85
"3425","8763",480
"3426","8764",95
"3427","8765",440
"3428","8766",NA
"3429","8771",965
"3430","8772",20
"3431","8773",335
"3432","8774",145
"3433","8775",45
"3434","8801",7030
"3435","8802",6020
"3436","8804",1115
"3437","8805",225
"3438","8806",580
"3439","8807",310
"3440","8808",375
"3441","8809",45
"3442","8811",425
"3443","8812",250
"3444","8813",135
"3445","8814",125
"3446","8816",105
"3447","8821",540
"3448","8822",1020
"3449","8823",305
"3450","8831",1065
"3451","8832",100
"3452","8833",25
"3453","8834",205
"3454","8835",425
"3455","8841",110
"3456","8842",445
"3457","8843",255
"3458","8844",60
"3459","8845",80
"3460","8851",1400
"3461","8852",65
"3462","8853",40
"3463","8854",545
"3464","8855",1735
"3465","8856",145
"3466","8857",485
"3467","8861",6550
"3468","8862",8600
"3469","8871",10
"3470","8872",580
"3471","8881",2550
"3472","8882",30
"3473","8883",10
"3474","8884",135
"3475","8885",30
"3476","8891",1005
"3477","8892",20
"3478","8893",100
"3479","8894",255
"3480","8895",145
"3481","8896",470
"3482","8897",150
"3483","8899",1255
"3484","8911",6845
"3485","8912",205
"3486","8913",4460
"3487","8914",715
"3488","8915",5220
"3489","8916",3175
"3490","8917",3635
"3491","8918",6180
"3492","8919",795
"3493","8921",9105
"3494","8922",3305
"3495","8923",3630
"3496","8924",3630
"3497","8925",5175
"3498","8926",5200
"3499","8927",1245
"3500","8931",3975
"3501","8932",7100
"3502","8933",4090
"3503","8934",2060
"3504","8935",6685
"3505","8936",710
"3506","8937",925
"3507","8938",300
"3508","8939",5480
"3509","8941",4005
"3510","9001",5715
"3511","9003",905
"3512","9004",30
"3513","9005",1890
"3514","9006",35
"3515","9007",80
"3516","9008",1080
"3517","9009",85
"3518","9011",1400
"3519","9012",640
"3520","9013",165
"3521","9014",330
"3522","9021",335
"3523","9022",1130
"3524","9023",305
"3525","9024",540
"3526","9025",125
"3527","9026",145
"3528","9027",305
"3529","9031",400
"3530","9032",80
"3531","9033",1045
"3532","9034",1045
"3533","9035",3305
"3534","9036",2830
"3535","9037",75
"3536","9038",360
"3537","9041",2685
"3538","9043",195
"3539","9044",745
"3540","9045",915
"3541","9047",1820
"3542","9051",7805
"3543","9053",165
"3544","9054",420
"3545","9055",955
"3546","9056",430
"3547","9057",305
"3548","9061",2280
"3549","9062",1965
"3550","9063",760
"3551","9064",700
"3552","9067",185
"3553","9071",235
"3554","9072",315
"3555","9073",1380
"3556","9074",2670
"3557","9075",255
"3558","9076",4960
"3559","9077",705
"3560","9078",940
"3561","9079",1695
"3562","9081",430
"3563","9082",30
"3564","9083",200
"3565","9084",3350
"3566","9085",15
"3567","9086",275
"3568","9087",45
"3569","9088",1170
"3570","9089",610
"3571","9091",260
"3572","9101",9425
"3573","9102",1045
"3574","9103",2570
"3575","9104",5670
"3576","9105",1100
"3577","9106",45
"3578","9107",55
"3579","9108",1210
"3580","9109",250
"3581","9111",495
"3582","9112",680
"3583","9113",975
"3584","9114",945
"3585","9121",110
"3586","9122",55
"3587","9123",860
"3588","9124",40
"3589","9125",180
"3590","9131",830
"3591","9132",570
"3592","9133",1160
"3593","9134",390
"3594","9135",235
"3595","9136",205
"3596","9137",925
"3597","9138",370
"3598","9141",300
"3599","9142",215
"3600","9143",370
"3601","9144",220
"3602","9145",1320
"3603","9146",70
"3604","9147",390
"3605","9148",65
"3606","9151",1590
"3607","9152",45
"3608","9153",240
"3609","9154",70
"3610","9155",215
"3611","9156",110
"3612","9161",1295
"3613","9162",495
"3614","9163",1285
"3615","9164",760
"3616","9166",970
"3617","9171",835
"3618","9172",1825
"3619","9173",85
"3620","9174",85
"3621","9175",130
"3622","9176",65
"3623","9177",65
"3624","9178",225
"3625","9201",8185
"3626","9202",8180
"3627","9203",9810
"3628","9204",8500
"3629","9205",4600
"3630","9206",60
"3631","9207",6450
"3632","9211",195
"3633","9212",1825
"3634","9213",630
"3635","9214",50
"3636","9215",255
"3637","9216",1665
"3638","9217",455
"3639","9218",1790
"3640","9219",340
"3641","9221",1420
"3642","9222",1260
"3643","9223",940
"3644","9231",6130
"3645","9233",1210
"3646","9241",2105
"3647","9243",1915
"3648","9244",3650
"3649","9245",1640
"3650","9246",70
"3651","9247",4900
"3652","9248",835
"3653","9249",990
"3654","9251",10090
"3655","9254",5080
"3656","9255",1620
"3657","9256",765
"3658","9257",2290
"3659","9258",940
"3660","9261",1575
"3661","9262",1365
"3662","9263",1875
"3663","9264",395
"3664","9265",635
"3665","9269",3595
"3666","9271",5170
"3667","9281",4330
"3668","9283",1215
"3669","9284",1220
"3670","9285",5940
"3671","9286",1120
"3672","9287",1815
"3673","9288",2470
"3674","9289",1670
"3675","9291",5790
"3676","9292",70
"3677","9293",465
"3678","9294",825
"3679","9295",625
"3680","9296",335
"3681","9297",105
"3682","9298",2980
"3683","9299",575
"3684","9301",11530
"3685","9302",3315
"3686","9304",230
"3687","9305",325
"3688","9306",110
"3689","9307",195
"3690","9311",1615
"3691","9312",1015
"3692","9313",150
"3693","9314",220
"3694","9315",335
"3695","9321",5455
"3696","9331",4060
"3697","9333",225
"3698","9334",135
"3699","9335",165
"3700","9336",140
"3701","9337",175
"3702","9341",1250
"3703","9342",785
"3704","9343",225
"3705","9351",11990
"3706","9354",2765
"3707","9355",375
"3708","9356",4410
"3709","9359",25
"3710","9361",305
"3711","9362",325
"3712","9363",6080
"3713","9364",705
"3714","9365",660
"3715","9366",260
"3716","9367",1685
"3717","9401",7165
"3718","9402",8405
"3719","9403",13870
"3720","9404",7435
"3721","9405",6785
"3722","9406",9285
"3723","9407",6415
"3724","9408",9625
"3725","9409",265
"3726","9411",8695
"3727","9412",1185
"3728","9413",1780
"3729","9414",1555
"3730","9415",900
"3731","9416",160
"3732","9417",380
"3733","9418",1085
"3734","9419",425
"3735","9421",3300
"3736","9422",4995
"3737","9423",1385
"3738","9431",4740
"3739","9432",70
"3740","9433",470
"3741","9434",75
"3742","9435",45
"3743","9436",280
"3744","9437",95
"3745","9438",125
"3746","9439",605
"3747","9441",230
"3748","9442",380
"3749","9443",255
"3750","9444",780
"3751","9445",25
"3752","9446",110
"3753","9447",355
"3754","9448",85
"3755","9449",850
"3756","9451",3715
"3757","9452",75
"3758","9453",55
"3759","9454",305
"3760","9455",10
"3761","9456",30
"3762","9457",85
"3763","9458",160
"3764","9459",25
"3765","9461",4960
"3766","9462",1860
"3767","9463",1450
"3768","9464",130
"3769","9465",255
"3770","9466",385
"3771","9467",390
"3772","9468",3595
"3773","9469",615
"3774","9471",6405
"3775","9472",3640
"3776","9473",450
"3777","9474",325
"3778","9475",345
"3779","9479",540
"3780","9481",4210
"3781","9482",1920
"3782","9483",410
"3783","9484",65
"3784","9485",120
"3785","9486",45
"3786","9487",100
"3787","9488",100
"3788","9489",35
"3789","9491",710
"3790","9492",170
"3791","9493",230
"3792","9494",835
"3793","9495",95
"3794","9496",230
"3795","9497",475
"3796","9501",9720
"3797","9502",5325
"3798","9503",3980
"3799","9511",995
"3800","9512",275
"3801","9514",1875
"3802","9515",670
"3803","9521",4970
"3804","9523",595
"3805","9524",445
"3806","9525",290
"3807","9526",85
"3808","9527",115
"3809","9528",795
"3810","9531",5010
"3811","9533",540
"3812","9534",125
"3813","9535",35
"3814","9536",340
"3815","9537",175
"3816","9541",3380
"3817","9545",695
"3818","9551",2455
"3819","9561",9960
"3820","9563",990
"3821","9564",50
"3822","9566",595
"3823","9571",2260
"3824","9573",365
"3825","9574",90
"3826","9581",7320
"3827","9584",1240
"3828","9585",290
"3829","9591",2865
"3830","9601",6930
"3831","9602",11460
"3832","9603",3655
"3833","9605",845
"3834","9606",1600
"3835","9607",985
"3836","9608",870
"3837","9609",20
"3838","9611",8330
"3839","9613",4105
"3840","9614",205
"3841","9615",1360
"3842","9616",515
"3843","9617",3050
"3844","9618",100
"3845","9619",825
"3846","9621",2285
"3847","9622",80
"3848","9623",170
"3849","9624",55
"3850","9625",515
"3851","9626",1625
"3852","9627",550
"3853","9628",3200
"3854","9629",205
"3855","9631",435
"3856","9632",55
"3857","9633",105
"3858","9635",1850
"3859","9636",3560
"3860","9641",5685
"3861","9642",7735
"3862","9644",1590
"3863","9645",4035
"3864","9646",2490
"3865","9648",5545
"3866","9649",4735
"3867","9651",1705
"3868","9654",405
"3869","9655",115
"3870","9656",145
"3871","9657",115
"3872","9658",465
"3873","9659",230
"3874","9661",1270
"3875","9663",4735
"3876","9665",7780
"3877","9671",4465
"3878","9672",485
"3879","9673",3235
"3880","9674",3040
"3881","9675",7020
"3882","9677",1460
"3883","9678",1495
"3884","9679",5110
"3885","9681",2160
"3886","9682",1485
"3887","9684",2245
"3888","9685",1425
"3889","9686",2040
"3890","9687",235
"3891","9688",395
"3892","9691",30
"3893","9693",1310
"3894","9695",3450
"3895","9696",175
"3896","9697",2605
"3897","9698",1220
"3898","9699",940
"3899","9711",10370
"3900","9712",11310
"3901","9713",13930
"3902","9714",6540
"3903","9715",8440
"3904","9716",4140
"3905","9717",6555
"3906","9718",9790
"3907","9721",11270
"3908","9722",8465
"3909","9723",6515
"3910","9724",5125
"3911","9725",6315
"3912","9726",5165
"3913","9727",6000
"3914","9728",10720
"3915","9731",7810
"3916","9732",5115
"3917","9733",3630
"3918","9734",2690
"3919","9735",215
"3920","9736",6035
"3921","9737",5870
"3922","9738",380
"3923","9741",8230
"3924","9742",11360
"3925","9743",12625
"3926","9744",5540
"3927","9745",3055
"3928","9746",7835
"3929","9747",15
"3930","9749",25
"3931","9751",7840
"3932","9752",5560
"3933","9753",5025
"3934","9755",750
"3935","9756",1350
"3936","9761",7090
"3937","9765",3975
"3938","9766",3205
"3939","9771",1130
"3940","9773",130
"3941","9774",695
"3942","9781",8780
"3943","9784",280
"3944","9785",1020
"3945","9791",4635
"3946","9792",805
"3947","9793",110
"3948","9794",75
"3949","9795",340
"3950","9796",180
"3951","9797",530
"3952","9798",495
"3953","9801",8445
"3954","9804",1445
"3955","9805",450
"3956","9811",285
"3957","9812",45
"3958","9821",1390
"3959","9822",1570
"3960","9824",455
"3961","9825",200
"3962","9827",140
"3963","9828",715
"3964","9831",2220
"3965","9832",410
"3966","9833",270
"3967","9841",25
"3968","9842",445
"3969","9843",2720
"3970","9844",235
"3971","9845",305
"3972","9851",620
"3973","9852",205
"3974","9853",475
"3975","9861",3565
"3976","9862",700
"3977","9863",1115
"3978","9864",625
"3979","9865",2535
"3980","9866",925
"3981","9871",150
"3982","9872",160
"3983","9873",795
"3984","9881",320
"3985","9882",225
"3986","9883",1495
"3987","9884",250
"3988","9885",195
"3989","9886",100
"3990","9891",765
"3991","9892",310
"3992","9893",425
"3993","9901",4070
"3994","9902",4835
"3995","9903",1990
"3996","9904",110
"3997","9905",1010
"3998","9906",750
"3999","9907",160
"4000","9908",310
"4001","9909",1340
"4002","9911",180
"4003","9912",245
"4004","9913",115
"4005","9914",525
"4006","9915",660
"4007","9917",475
"4008","9918",530
"4009","9919",2320
"4010","9921",905
"4011","9922",430
"4012","9923",200
"4013","9924",25
"4014","9925",15
"4015","9931",1610
"4016","9932",4510
"4017","9933",4305
"4018","9934",4990
"4019","9936",1670
"4020","9937",570
"4021","9939",260
"4022","9942",110
"4023","9943",335
"4024","9944",1325
"4025","9945",1765
"4026","9946",960
"4027","9947",375
"4028","9948",320
"4029","9949",145
"4030","9951",7445
"4031","9953",1865
"4032","9954",100
"4033","9955",215
"4034","9956",435
"4035","9957",45
"4036","9959",580
"4037","9961",185
"4038","9962",95
"4039","9963",265
"4040","9964",740
"4041","9965",1760
"4042","9966",150
"4043","9967",1485
"4044","9968",415
"4045","9969",245
"4046","9971",1380
"4047","9972",75
"4048","9973",205
"4049","9974",1205
"4050","9975",180
"4051","9976",145
"4052","9977",1265
"4053","9978",190
"4054","9979",NA
"4055","9981",5470
"4056","9982",3160
"4057","9983",1150
"4058","9984",240
"4059","9985",135
"4060","9986",110
"4061","9987",215
"4062","9988",1375
"4063","9989",2270
"4064","9991",2170
"4065","9992",120
"4066","9993",120
"4067","9994",75
"4068","9995",660
"4069","9996",70
"4070","9997",575
"4071","9998",170
"4072","9999",90
